symbol,fiscalYear,reportedCurrency,period,revenue,grossProfit,operatingIncome,netIncome,researchAndDevelopmentExpenses,netInterestIncome,totalDebt,totalStockholdersEquity,capitalExpenditure,freeCashFlow,employeeCount,name,sector
AAL,2021,USD,FY,29882000000,27000000,-1059000000,-1993000000,0,-1782000000,46177000000,-7340000000,-208000000,496000000,123400.0,American Airlines,Transport
AAL,2022,USD,FY,48971000000,9037000000,1607000000,127000000,0,-1746000000,43687000000,-5799000000,-2546000000,-373000000,129700.0,American Airlines,Transport
AAL,2023,USD,FY,52788000000,11810000000,3034000000,822000000,0,-1554000000,40663000000,-5202000000,-2596000000,1207000000,132100.0,American Airlines,Transport
AAL,2024,USD,FY,54211000000,11465000000,2614000000,846000000,0,-1466000000,37544000000,-3977000000,-2683000000,1300000000,133300.0,American Airlines,Transport
AAL,2025,USD,FY,54633000000,10471000000,1467000000,111000000,0,-1359000000,35970000000,-3727000000,-3779000000,-680000000,139100.0,American Airlines,Transport
ABBV,2021,USD,FY,56197000000,38751000000,17924000000,11542000000,8046000000,-2384000000,77575000000,15408000000,-787000000,21990000000,50000.0,AbbVie,Healthcare
ABBV,2022,USD,FY,58054000000,40640000000,18117000000,11836000000,6510000000,-2044000000,64191000000,17254000000,-695000000,24248000000,50000.0,AbbVie,Healthcare
ABBV,2023,USD,FY,54318000000,33903000000,12757000000,4863000000,7675000000,-1684000000,60120000000,10360000000,-777000000,22062000000,50000.0,AbbVie,Healthcare
ABBV,2024,USD,FY,56334000000,39430000000,9137000000,4278000000,12791000000,-2160000000,67841000000,3325000000,-974000000,17832000000,55000.0,AbbVie,Healthcare
ABBV,2025,USD,FY,61160000000,42956000000,20091000000,4226000000,9096000000,-2627000000,69068000000,-3270000000,-1214000000,17816000000,57000.0,AbbVie,Healthcare
ADBE,2021,USD,FY,15785000000,13920000000,5802000000,4822000000,2540000000,-96000000,4673000000,14797000000,-330000000,6893000000,25988.0,Adobe,Tech
ADBE,2022,USD,FY,17606000000,15441000000,6098000000,4756000000,2987000000,-51000000,4633000000,14051000000,-442000000,7396000000,29239.0,Adobe,Tech
ADBE,2023,USD,FY,19409000000,17055000000,6650000000,5428000000,3473000000,156000000,4080000000,16518000000,-360000000,6942000000,29945.0,Adobe,Tech
ADBE,2024,USD,FY,21505000000,19147000000,6741000000,5560000000,3944000000,177000000,6056000000,14105000000,-232000000,7824000000,30709.0,Adobe,Tech
ADBE,2025,USD,FY,23769000000,21061000000,8706000000,7130000000,4294000000,-263000000,6648000000,11623000000,-179000000,9852000000,31360.0,Adobe,Tech
AMD,2021,USD,FY,16434000000,7929000000,3648000000,3162000000,2845000000,-26000000,661000000,7497000000,-301000000,3220000000,15500.0,Advanced Micro Devices,Semiconductors
AMD,2022,USD,FY,23601000000,10603000000,1264000000,1320000000,5005000000,-23000000,2863000000,54750000000,-450000000,3115000000,25000.0,Advanced Micro Devices,Semiconductors
AMD,2023,USD,FY,22680000000,10460000000,401000000,854000000,5872000000,100000000,3003000000,55892000000,-546000000,1121000000,26000.0,Advanced Micro Devices,Semiconductors
AMD,2024,USD,FY,25785000000,12725000000,1900000000,1641000000,6456000000,90000000,2212000000,57568000000,-636000000,2405000000,28000.0,Advanced Micro Devices,Semiconductors
AMD,2025,USD,FY,34639000000,17152000000,3694000000,4335000000,8091000000,84000000,4472000000,62999000000,-974000000,6735000000,31000.0,Advanced Micro Devices,Semiconductors
BA,2021,USD,FY,62286000000,3049000000,-2870000000,-4202000000,2249000000,-2682000000,58370000000,-14999000000,-980000000,-4396000000,142000.0,Boeing,Transport
BA,2022,USD,FY,66608000000,3530000000,-3509000000,-4935000000,2852000000,-2533000000,57277000000,-15883000000,-1222000000,2290000000,156000.0,Boeing,Transport
BA,2023,USD,FY,77794000000,7724000000,-821000000,-2222000000,3377000000,-2459000000,52603000000,-17233000000,-1527000000,4433000000,171000.0,Boeing,Transport
BA,2024,USD,FY,66517000000,-1991000000,-10824000000,-11817000000,3812000000,-2725000000,54188000000,-3908000000,-2318000000,-14398000000,172000.0,Boeing,Transport
BA,2025,USD,FY,89463000000,4289000000,-5416000000,2235000000,3615000000,-2771000000,54433000000,5454000000,-2942000000,-1877000000,182000.0,Boeing,Transport
BAC,2021,USD,FY,93851000000,93707000000,33976000000,31978000000,0,42934000000,496199000000,270066000000,0,-7193000000,208000.0,Bank of America,Financials
BAC,2022,USD,FY,115053000000,92407000000,30969000000,27528000000,0,52462000000,498549000000,273197000000,0,-6327000000,217000.0,Bank of America,Financials
BAC,2023,USD,FY,171912000000,94187000000,28342000000,26515000000,0,56931000000,618189000000,291646000000,0,44982000000,213000.0,Bank of America,Financials
BAC,2024,USD,FY,192434000000,96066000000,29254000000,27132000000,0,56060000000,658428000000,295559000000,0,-8805000000,213000.0,Bank of America,Financials
BAC,2025,USD,FY,191567000000,107422000000,37695000000,30509000000,0,60096000000,365904000000,303243000000,0,12613000000,213000.0,Bank of America,Financials
C,2021,USD,FY,79868000000,75778000000,27469000000,21952000000,0,42494000000,473632000000,201972000000,-4119000000,42971000000,223400.0,Citigroup,Financials
C,2022,USD,FY,100220000000,69368000000,18807000000,14845000000,0,48668000000,521146000000,201189000000,-5632000000,19437000000,240000.0,Citigroup,Financials
C,2023,USD,FY,155382000000,67901000000,12910000000,9228000000,0,54900000000,602183000000,205453000000,-6583000000,-79999000000,239000.0,Citigroup,Financials
C,2024,USD,FY,170707000000,71120000000,17046000000,12682000000,0,54095000000,590560000000,208598000000,-6500000000,-26169000000,229000.0,Citigroup,Financials
C,2025,USD,FY,168302000000,74980000000,19828000000,14268000000,2325000000,59792000000,715803000000,212291000000,-6520000000,-74152000000,226000.0,Citigroup,Financials
CCL,2021,USD,FY,1908000000,-2747000000,-7089000000,-9501000000,0,-1589000000,34607000000,12145000000,-3607000000,-7716000000,30000.0,Carnival,Consumer
CCL,2022,USD,FY,12169000000,412000000,-4379000000,-6093000000,0,-1535000000,35881000000,7064000000,-4940000000,-6610000000,75000.0,Carnival,Consumer
CCL,2023,USD,FY,21593000000,7276000000,1956000000,-74000000,0,-1833000000,31891000000,6882000000,-3284000000,997000000,92000.0,Carnival,Consumer
CCL,2024,USD,FY,25021000000,9383000000,3574000000,1916000000,0,-1662000000,28876000000,9252000000,-4626000000,1297000000,100000.0,Carnival,Consumer
CCL,2025,USD,FY,26622000000,7885000000,4483000000,2760000000,0,-1298000000,27993000000,12284000000,-3611000000,2607000000,101000.0,Carnival,Consumer
COIN,2021,USD,FY,7839444000,6100900000,3076570000,3624120000,1291561000,-29160000,3511299000,6381689000,-82873000,3955299000,3730.0,Coinbase,Financials
COIN,2022,USD,FY,3194208000,2564328000,-2710208000,-2624949000,2326354000,-88901000,3489745000,5454557000,-2933000,-1585419000,4510.0,Coinbase,Financials
COIN,2023,USD,FY,3108383000,1972833000,-161662000,94871000,1324541000,-82766000,2994680000,6281649000,0,922951000,3416.0,Coinbase,Financials
COIN,2024,USD,FY,6564028000,4906481000,2307160000,2579066000,1468252000,-80645000,4629577000,10276842000,0,2556844000,3772.0,Coinbase,Financials
COIN,2025,USD,FY,7181325000,5360105000,1435441000,1260327000,1670605000,-85413000,7831459000,14793058000,0,2426383000,4951.0,Coinbase,Financials
COST,2021,USD,FY,195929000000,25245000000,6708000000,5007000000,0,-130000000,10133000000,17564000000,-3588000000,5370000000,288000.0,Costco,Consumer
COST,2022,USD,FY,226954000000,27572000000,7793000000,5844000000,0,-97000000,9039000000,20642000000,-3891000000,3501000000,304000.0,Costco,Consumer
COST,2023,USD,FY,242290000000,29704000000,8114000000,6292000000,0,310000000,8884000000,25058000000,-4323000000,6745000000,316000.0,Costco,Consumer
COST,2024,USD,FY,254453000000,32095000000,9285000000,7367000000,0,364000000,8272000000,23622000000,-4710000000,6629000000,333000.0,Costco,Consumer
COST,2025,USD,FY,275235000000,35349000000,10383000000,8099000000,0,351000000,8173000000,29164000000,-5498000000,7837000000,341000.0,Costco,Consumer
CPRX,2021,USD,FY,140833000,118949000,52385000,39482000,16936000,0,4202000,206831000,-1021000,59351000,76.0,Catalyst Pharmaceuticals,Healthcare
CPRX,2022,USD,FY,214203000,179810000,101838000,83079000,19789000,0,3894000,300421000,-29000,116018000,82.0,Catalyst Pharmaceuticals,Healthcare
CPRX,2023,USD,FY,398204000,346237000,86812000,71410000,93150000,0,3557000,387881000,-81744000,61856000,167.0,Catalyst Pharmaceuticals,Healthcare
CPRX,2024,USD,FY,491734000,422889000,195124000,163889000,12648000,16064000,3188000,727632000,-556000,239252000,181.0,Catalyst Pharmaceuticals,Healthcare
CPRX,2025,USD,FY,588989000,501736000,257778000,214326000,12709000,0,2787000,954268000,-58000,208612000,182.0,Catalyst Pharmaceuticals,Healthcare
DAL,2021,USD,FY,29899000000,2133000000,1886000000,280000000,0,-1279000000,34679000000,3887000000,-3247000000,16000000,83000.0,Delta Air Lines,Transport
DAL,2022,USD,FY,50582000000,11160000000,3661000000,1318000000,0,-1029000000,30610000000,6582000000,-6366000000,-2000000,95000.0,Delta Air Lines,Transport
DAL,2023,USD,FY,58048000000,15518000000,5521000000,4609000000,0,-834000000,27281000000,11105000000,-5323000000,1141000000,103000.0,Delta Air Lines,Transport
DAL,2024,USD,FY,61643000000,16557000000,5995000000,3457000000,0,-747000000,22771000000,15293000000,-5140000000,2885000000,103000.0,Delta Air Lines,Transport
DAL,2025,USD,FY,63364000000,14475000000,5822000000,5005000000,0,-679000000,21083000000,20753000000,-4499000000,3843000000,103000.0,Delta Air Lines,Transport
DIS,2021,USD,FY,67418000000,22287000000,3659000000,1995000000,0,-1406000000,58313000000,88553000000,-3578000000,1989000000,190000.0,Walt Disney,Consumer
DIS,2022,USD,FY,82722000000,28321000000,6770000000,3145000000,0,-1397000000,52259000000,95008000000,-4943000000,1067000000,220000.0,Walt Disney,Consumer
DIS,2023,USD,FY,88898000000,29697000000,8992000000,2354000000,0,-1034000000,50672000000,99277000000,-4969000000,4897000000,225000.0,Walt Disney,Consumer
DIS,2024,USD,FY,91361000000,32663000000,11914000000,4972000000,0,-1041000000,49517000000,100696000000,-5412000000,8559000000,233000.0,Walt Disney,Consumer
DIS,2025,USD,FY,94425000000,35659000000,13832000000,12404000000,0,-1566000000,45423000000,109869000000,-8024000000,10077000000,231000.0,Walt Disney,Consumer
DOCU,2022,USD,FY,2107213000,1640762000,-61884000,-69976000,393362000,-5030000,882231000,275503000,-61396000,445071000,7461.0,DocuSign,Tech
DOCU,2023,USD,FY,2515915000,1979827000,-88031000,-97454000,480584000,-1850000,888290000,617287000,-77654000,429105000,7336.0,DocuSign,Tech
DOCU,2024,USD,FY,2761882000,2189261000,31634000,73980000,539488000,62045000,143053000,1129739000,-92391000,887135000,6840.0,DocuSign,Tech
DOCU,2025,USD,FY,2976739000,2355080000,199928000,1067885000,588455000,48013000,124427000,2002692000,-96988000,920284000,6838.0,DocuSign,Tech
DOCU,2026,USD,FY,3219500000,2556438000,298579000,309085000,664985000,37921000,185119000,1917820000,-106445000,1058562000,7044.0,DocuSign,Tech
ETSY,2021,USD,FY,2329114000,1674602000,465732000,493507000,271535000,-7748000,2388119000,628619000,-30107000,621444000,2402.0,Etsy,Tech
ETSY,2022,USD,FY,2566111000,1821519000,-658560000,-694288000,412398000,-3212000,2390070000,-547274000,-37199000,646413000,2790.0,Etsy,Tech
ETSY,2023,USD,FY,2748377000,1919702000,279841000,307568000,469332000,21957000,2389516000,-543715000,-39908000,665605000,2420.0,Etsy,Tech
ETSY,2024,USD,FY,2808332000,2033778000,380208000,303281000,443056000,17176000,2387713000,-758866000,-43498000,708971000,2400.0,Etsy,Tech
ETSY,2025,USD,FY,2883501000,2065701000,367913000,162982000,450192000,25980000,3075720000,-1098095000,-54664000,638750000,2375.0,Etsy,Tech
F,2021,USD,FY,136341000000,24548000000,5033000000,17937000000,7600000000,-1549000000,139485000000,48519000000,-6227000000,9560000000,183000.0,Ford Motor,Transport
F,2022,USD,FY,158057000000,25097000000,6409000000,-1981000000,7800000000,-620000000,140474000000,43242000000,-6866000000,-13000000,173000.0,Ford Motor,Transport
F,2023,USD,FY,176191000000,24310000000,5378000000,4347000000,8200000000,265000000,151107000000,42773000000,-8236000000,6682000000,177000.0,Ford Motor,Transport
F,2024,USD,FY,184992000000,23405000000,5095000000,5879000000,8000000000,425000000,160862000000,44835000000,-8684000000,6739000000,171000.0,Ford Motor,Transport
F,2025,USD,FY,187267000000,22813000000,2532000000,-8182000000,9400000000,236000000,167573000000,35952000000,-8815000000,12467000000,169000.0,Ford Motor,Transport
FDX,2022,USD,FY,93512000000,20167000000,6523000000,3826000000,0,-636000000,37194000000,24939000000,-6763000000,3069000000,345000.0,FedEx,Transport
FDX,2023,USD,FY,90155000000,19166000000,5338000000,3972000000,0,-496000000,38332000000,26088000000,-6174000000,2641000000,328000.0,FedEx,Transport
FDX,2024,USD,FY,87693000000,18952000000,6355000000,4331000000,0,-375000000,37719000000,27582000000,-5176000000,3136000000,241000.0,FedEx,Transport
FDX,2025,USD,FY,87926000000,18995000000,6082000000,4092000000,0,-426000000,37416000000,28074000000,-4055000000,2981000000,237000.0,FedEx,Transport
FDX,2026,USD,FY,94720000000,20622000000,6623000000,4433000000,0,-533000000,42943000000,31647000000,-3809000000,5116000000,233000.0,FedEx,Transport
GM,2021,USD,FY,127004000000,25778000000,9324000000,10019000000,7900000000,-804000000,110391000000,59744000000,-22111000000,-6923000000,74000.0,General Motors,Transport
GM,2022,USD,FY,156735000000,30781000000,10314000000,9934000000,9800000000,-527000000,115666000000,67792000000,-21187000000,-5144000000,81000.0,General Motors,Transport
GM,2023,USD,FY,171842000000,29038000000,9298000000,10127000000,9900000000,198000000,122648000000,64286000000,-24610000000,-3680000000,76000.0,General Motors,Transport
GM,2024,USD,FY,187442000000,32605000000,12784000000,6008000000,9200000000,121000000,130693000000,63072000000,-26109000000,-5980000000,90000.0,General Motors,Transport
GM,2025,USD,FY,185019000000,20096000000,2909000000,2697000000,8500000000,127000000,130277000000,61119000000,-15793000000,11074000000,88000.0,General Motors,Transport
GOOGL,2021,USD,FY,257637000000,146698000000,78714000000,76033000000,31562000000,1153000000,28508000000,251635000000,-24640000000,67012000000,156500.0,Alphabet,Tech
GOOGL,2022,USD,FY,282836000000,156633000000,74842000000,59972000000,39500000000,1817000000,29679000000,256144000000,-31485000000,60010000000,190234.0,Alphabet,Tech
GOOGL,2023,USD,FY,307394000000,174062000000,84293000000,73795000000,45427000000,3557000000,27121000000,283379000000,-32251000000,69495000000,182502.0,Alphabet,Tech
GOOGL,2024,USD,FY,350018000000,203712000000,112390000000,100118000000,49326000000,4214000000,25461000000,325084000000,-52535000000,72764000000,183323.0,Alphabet,Tech
GOOGL,2025,USD,FY,402963000000,240428000000,129166000000,132170000000,61087000000,933000000,59291000000,415265000000,-91447000000,73266000000,190820.0,Alphabet,Tech
GS,2021,USD,FY,64989000000,58982000000,27044000000,21635000000,0,6470000000,487762000000,109926000000,-4667000000,1631000000,43900.0,Goldman Sachs,Financials
GS,2022,USD,FY,68711000000,44650000000,13486000000,11261000000,0,7678000000,434548000000,117189000000,-3748000000,4960000000,48500.0,Goldman Sachs,Financials
GS,2023,USD,FY,108418000000,45226000000,10739000000,8516000000,0,6351000000,583135000000,116905000000,-2316000000,-14903000000,45300.0,Goldman Sachs,Financials
GS,2024,USD,FY,126853000000,52164000000,18397000000,14276000000,0,8056000000,616935000000,121996000000,-2091000000,-15303000000,46500.0,Goldman Sachs,Financials
GS,2025,USD,FY,125097000000,59396000000,21852000000,17176000000,0,13559000000,609534000000,124972000000,-2064000000,-47218000000,47400.0,Goldman Sachs,Financials
HCA,2021,USD,FY,58752000000,22492000000,9678000000,6956000000,0,-1529000000,36726000000,-933000000,-3577000000,5382000000,284000.0,HCA Healthcare,Healthcare
HCA,2022,USD,FY,60233000000,23177000000,9053000000,5643000000,0,-1739000000,40200000000,-2767000000,-4395000000,4127000000,294000.0,HCA Healthcare,Healthcare
HCA,2023,USD,FY,64968000000,25579000000,9627000000,5242000000,0,-1938000000,41859000000,-1774000000,-4744000000,4687000000,310000.0,HCA Healthcare,Healthcare
HCA,2024,USD,FY,70603000000,28678000000,10547000000,5760000000,0,-2061000000,45237000000,-2499000000,-4875000000,5639000000,316000.0,HCA Healthcare,Healthcare
HCA,2025,USD,FY,75600000000,31374000000,11965000000,6784000000,0,-2248000000,50198000000,-6027000000,-4944000000,7692000000,320000.0,HCA Healthcare,Healthcare
HOOD,2021,USD,FY,1815000000,1306000000,-1641000000,-3687000000,1234000000,256962000,3651000000,7293000000,-83653000,-968426000,3800.0,Robinhood,Financials
HOOD,2022,USD,FY,1358000000,770000000,-966000000,-1028000000,878000000,424000000,1834000000,6956000000,-57000000,-909000000,2300.0,Robinhood,Financials
HOOD,2023,USD,FY,1865000000,1719000000,-536000000,-541000000,805000000,920000000,3547000000,6696000000,-21000000,1160000000,2200.0,Robinhood,Financials
HOOD,2024,USD,FY,2951000000,2344000000,1054000000,1411000000,818000000,1085000000,7463000000,7972000000,-50000000,-207000000,2300.0,Robinhood,Financials
HOOD,2025,USD,FY,4473000000,3728000000,2094000000,1883000000,897000000,1514000000,15408000000,9151000000,-54000000,1584000000,2900.0,Robinhood,Financials
INTC,2021,USD,FY,79024000000,43815000000,19456000000,19868000000,15190000000,-453000000,38101000000,95391000000,-20329000000,9127000000,121100.0,Intel,Semiconductors
INTC,2022,USD,FY,63054000000,26866000000,2334000000,8014000000,17528000000,93000000,42051000000,101423000000,-25050000000,-9617000000,131900.0,Intel,Semiconductors
INTC,2023,USD,FY,54228000000,21711000000,93000000,1689000000,16046000000,457000000,49278000000,105590000000,-25750000000,-14279000000,124800.0,Intel,Semiconductors
INTC,2024,USD,FY,53101000000,17345000000,-11678000000,-18756000000,16546000000,981000000,50011000000,99270000000,-23944000000,-15656000000,108900.0,Intel,Semiconductors
INTC,2025,USD,FY,52853000000,18375000000,-23000000,-267000000,13774000000,-84000000,46585000000,114281000000,-14646000000,-4949000000,85100.0,Intel,Semiconductors
JNJ,2021,USD,FY,78740000000,55338000000,20943000000,20878000000,14277000000,-130000000,33751000000,74023000000,-3652000000,19758000000,134500.0,Johnson & Johnson,Healthcare
JNJ,2022,USD,FY,79990000000,55394000000,21013000000,17941000000,14135000000,214000000,39642000000,76804000000,-4009000000,17185000000,141700.0,Johnson & Johnson,Healthcare
JNJ,2023,USD,FY,85159000000,58606000000,23409000000,35153000000,15085000000,489000000,29332000000,68774000000,-4543000000,18248000000,131900.0,Johnson & Johnson,Healthcare
JNJ,2024,USD,FY,88821000000,61350000000,22149000000,14066000000,17232000000,577000000,36634000000,71490000000,-4424000000,19842000000,138100.0,Johnson & Johnson,Healthcare
JNJ,2025,USD,FY,94193000000,68558000000,25596000000,26804000000,14665000000,85000000,47933000000,81544000000,-4832000000,19698000000,138200.0,Johnson & Johnson,Healthcare
JPM,2021,USD,FY,127238000000,130905000000,59562000000,48334000000,0,52311000000,548939000000,294127000000,0,78084000000,271025.0,JPMorgan Chase,Financials
JPM,2022,USD,FY,153824000000,121392000000,46166000000,37676000000,0,66710000000,542505000000,292332000000,0,107119000000,293723.0,JPMorgan Chase,Financials
JPM,2023,USD,FY,236273000000,145670000000,61612000000,49552000000,0,89267000000,653072000000,327878000000,0,12974000000,309926.0,JPMorgan Chase,Financials
JPM,2024,USD,FY,270789000000,158785000000,75081000000,58471000000,0,92583000000,751146000000,344758000000,0,-42012000000,317233.0,JPMorgan Chase,Financials
JPM,2025,USD,FY,279745000000,167607000000,72595000000,57048000000,0,95443000000,942378000000,362438000000,0,100867000000,318512.0,JPMorgan Chase,Financials
KO,2021,USD,FY,38655000000,23298000000,10308000000,9771000000,0,-1321000000,44232000000,22999000000,-1367000000,11258000000,8400.0,Coca-Cola,Consumer
KO,2022,USD,FY,43004000000,25004000000,10909000000,9542000000,0,-433000000,40603000000,24105000000,-1484000000,9534000000,7800.0,Coca-Cola,Consumer
KO,2023,USD,FY,45754000000,27234000000,11311000000,10714000000,0,-620000000,43426000000,25941000000,-1852000000,9747000000,7600.0,Coca-Cola,Consumer
KO,2024,USD,FY,47061000000,28737000000,9992000000,10631000000,0,-668000000,45735000000,24856000000,-2064000000,4741000000,69700.0,Coca-Cola,Consumer
KO,2025,USD,FY,47941000000,29544000000,13762000000,13107000000,0,-868000000,46893000000,32169000000,-2112000000,5296000000,65900.0,Coca-Cola,Consumer
LCID,2021,USD,FY,27111000,-127786000,-1530446000,-2579761000,750185000,-1374000,2208717000,3909355000,-421220000,-1479353000,3900.0,Lucid Group,Transport
LCID,2022,USD,FY,608181000,-1037905000,-2593991000,-1304460000,821512000,26160000,2348469000,4349701000,-1074852000,-3301110000,7200.0,Lucid Group,Transport
LCID,2023,USD,FY,595271000,-1340795000,-3099588000,-2828420000,937012000,179359000,2427901000,4851692000,-910644000,-3400397000,6500.0,Lucid Group,Transport
LCID,2024,USD,FY,807832000,-923111000,-3020820000,-2713942000,1176453000,180103000,2476883000,3872812000,-883841000,-2903515000,6800.0,Lucid Group,Transport
LCID,2025,USD,FY,1353790000,-1256386000,-3501753000,-2698051000,1211397000,61342000,860527000,717287000,-868158000,-3827883000,9000.0,Lucid Group,Transport
META,2021,USD,FY,117929000000,95280000000,46753000000,39370000000,24655000000,461000000,13873000000,124879000000,-18567000000,39116000000,71970.0,Meta Platforms,Tech
META,2022,USD,FY,116609000000,91360000000,28944000000,23200000000,35338000000,276000000,26591000000,125713000000,-31431000000,19044000000,86482.0,Meta Platforms,Tech
META,2023,USD,FY,134902000000,108943000000,46751000000,39098000000,38483000000,1193000000,37234000000,153168000000,-27266000000,43847000000,67317.0,Meta Platforms,Tech
META,2024,USD,FY,164501000000,134340000000,69380000000,62360000000,43873000000,1802000000,49060000000,182637000000,-37256000000,54072000000,74067.0,Meta Platforms,Tech
META,2025,USD,FY,200966000000,164791000000,83276000000,60458000000,57372000000,958000000,83897000000,217243000000,-69691000000,46109000000,78865.0,Meta Platforms,Tech
MGM,2021,USD,FY,9680140000,4649531000,2278699000,1254370000,0,-799593000,24692632000,6070645000,-490697000,882726000,42000.0,MGM Resorts,Consumer
MGM,2022,USD,FY,13127485000,6474502000,1439372000,1473093000,0,-594954000,33994990000,4831529000,-765067000,1001756000,46000.0,MGM Resorts,Consumer
MGM,2023,USD,FY,16164249000,7610687000,1891497000,1142180000,0,-460293000,31615601000,3811170000,-931813000,1767306000,45000.0,MGM Resorts,Consumer
MGM,2024,USD,FY,17240545000,7847004000,1490456000,746558000,0,-443230000,31853705000,3023481000,-1150589000,1211906000,45000.0,MGM Resorts,Consumer
MGM,2025,USD,FY,17537683000,7790131000,1001780000,206250000,0,-419042000,56155625000,2429917000,-1068927000,1667723000,44000.0,MGM Resorts,Consumer
MRNA,2021,USD,FY,17736000000,15119000000,13296000000,12202000000,1991000000,0,916000000,14145000000,-284000000,13336000000,2700.0,Moderna,Healthcare
MRNA,2022,USD,FY,18875000000,13459000000,9420000000,8362000000,3295000000,171000000,1200000000,19123000000,-400000000,4581000000,3900.0,Moderna,Healthcare
MRNA,2023,USD,FY,6848000000,2155000000,-4239000000,-4714000000,4845000000,383000000,1243000000,13854000000,-707000000,-3825000000,5600.0,Moderna,Healthcare
MRNA,2024,USD,FY,3199000000,1735000000,-3945000000,-3561000000,4543000000,401000000,747000000,10901000000,-1051000000,-4055000000,5800.0,Moderna,Healthcare
MRNA,2025,USD,FY,1944000000,1076000000,-3074000000,-2822000000,3132000000,304000000,1916000000,8650000000,-192000000,-2065000000,4700.0,Moderna,Healthcare
MSFT,2022,USD,FY,198270000000,135620000000,83383000000,72738000000,24512000000,31000000,78400000000,166542000000,-23886000000,65149000000,221000.0,Microsoft,Tech
MSFT,2023,USD,FY,211915000000,146052000000,88523000000,72361000000,27195000000,1026000000,79441000000,206223000000,-28107000000,59475000000,221000.0,Microsoft,Tech
MSFT,2024,USD,FY,245122000000,171008000000,109433000000,88136000000,29510000000,222000000,97852000000,268477000000,-44477000000,74071000000,228000.0,Microsoft,Tech
MSFT,2025,USD,FY,281724000000,193893000000,128528000000,101832000000,32488000000,262000000,112184000000,343479000000,-64551000000,71611000000,228000.0,Microsoft,Tech
MSFT,2026,USD,FY,331839000000,225465000000,155237000000,133749000000,35562000000,250000000,128808300000,442387000000,-115948000000,66987000000,223000.0,Microsoft,Tech
NFLX,2021,USD,FY,29697844000,12365161000,6194509000,5116228000,2273885000,-354406000,18116570000,15849248000,-524585000,-131975000,11300.0,Netflix,Tech
NFLX,2022,USD,FY,31615550000,12447265000,5632831000,4491924000,2711041000,-368902000,14353076000,20777401000,-407729000,1618528000,12800.0,Netflix,Tech
NFLX,2023,USD,FY,33723297000,14007929000,6954003000,5407990000,2675758000,-748598000,16973374000,20588313000,-348552000,6925749000,13000.0,Netflix,Tech
NFLX,2024,USD,FY,39000966000,17962502000,10417614000,8711631000,2925295000,-451957000,17994974000,24743567000,-439538000,6921826000,14000.0,Netflix,Tech
NFLX,2025,USD,FY,45183036000,21907707000,13326603000,10981201000,3391390000,-604051000,14462836000,26615488000,-688220000,9461053000,16000.0,Netflix,Tech
NKE,2022,USD,FY,46710000000,21479000000,6675000000,6046000000,0,-198000000,12627000000,15281000000,-758000000,4430000000,79100.0,Nike,Consumer
NKE,2023,USD,FY,51217000000,22292000000,5915000000,5070000000,0,14000000,12144000000,14004000000,-969000000,4872000000,83700.0,Nike,Consumer
NKE,2024,USD,FY,51362000000,22887000000,6311000000,5700000000,0,169000000,11952000000,14430000000,-812000000,6617000000,79400.0,Nike,Consumer
NKE,2025,USD,FY,46309000000,19790000000,3702000000,3219000000,0,115000000,11018000000,13213000000,-430000000,3268000000,77800.0,Nike,Consumer
NKE,2026,USD,FY,46398000000,19911000000,3800000000,3108000000,0,-50000000,11033000000,14865000000,-684000000,2184000000,73000.0,Nike,Consumer
NVDA,2022,USD,FY,26914000000,17475000000,10041000000,9752000000,5268000000,-207000000,11831000000,26612000000,-976000000,8132000000,22473.0,Nvidia,Semiconductors
NVDA,2023,USD,FY,26974000000,15356000000,4224000000,4368000000,7339000000,5000000,12031000000,22101000000,-1833000000,3808000000,26196.0,Nvidia,Semiconductors
NVDA,2024,USD,FY,60922000000,44301000000,32972000000,29760000000,8675000000,609000000,11056000000,42978000000,-1069000000,27021000000,29600.0,Nvidia,Semiconductors
NVDA,2025,USD,FY,130497000000,97858000000,81453000000,72880000000,12914000000,1539000000,10270000000,79327000000,-3236000000,60853000000,36000.0,Nvidia,Semiconductors
NVDA,2026,USD,FY,215938000000,153463000000,130387000000,120067000000,18497000000,2041000000,11412000000,157293000000,-6042000000,96676000000,42000.0,Nvidia,Semiconductors
PEP,2021,USD,FY,79474000000,42399000000,11162000000,7618000000,0,-1863000000,40780000000,16043000000,-4625000000,6991000000,309000.0,PepsiCo,Consumer
PEP,2022,USD,FY,86392000000,45816000000,11512000000,8910000000,0,-939000000,39554000000,17149000000,-5207000000,5604000000,315000.0,PepsiCo,Consumer
PEP,2023,USD,FY,91471000000,49590000000,11986000000,9074000000,0,-819000000,44661000000,18503000000,-5518000000,7924000000,318000.0,PepsiCo,Consumer
PEP,2024,USD,FY,91854000000,50110000000,12887000000,9578000000,0,-919000000,44948000000,18041000000,-5318000000,7189000000,319000.0,PepsiCo,Consumer
PEP,2025,USD,FY,93925000000,50859000000,13491000000,8240000000,0,-1121000000,49901000000,20406000000,-4415000000,7672000000,306000.0,PepsiCo,Consumer
PFE,2021,USD,FY,81288000000,46875000000,20793000000,22147000000,13828000000,-1255000000,36998000000,77201000000,-2711000000,29869000000,79000.0,Pfizer,Healthcare
PFE,2022,USD,FY,100330000000,62090000000,37549000000,31365000000,11426000000,-987000000,34859000000,95661000000,-3236000000,26031000000,83000.0,Pfizer,Healthcare
PFE,2023,USD,FY,59553000000,30340000000,5292000000,2133000000,10578000000,-585000000,70845000000,89014000000,-3907000000,4793000000,88000.0,Pfizer,Healthcare
PFE,2024,USD,FY,63627000000,41846000000,16483000000,8020000000,10738000000,-2546000000,66993000000,88203000000,-2909000000,9835000000,81000.0,Pfizer,Healthcare
PFE,2025,USD,FY,62579000000,44014000000,15437000000,7770000000,11976000000,-2068000000,67416000000,86476000000,-2629000000,9076000000,75000.0,Pfizer,Healthcare
PINS,2021,USD,FY,2578027000,2048707000,326187000,316438000,780264000,-5216000,250874000,3038743000,-9031000,743876000,3225.0,Pinterest,Tech
PINS,2022,USD,FY,2802574000,2123977000,-101677000,-96047000,948980000,15733000,228968000,3281654000,-28984000,440218000,3987.0,Pinterest,Tech
PINS,2023,USD,FY,3055071000,2366311000,-125678000,-35610000,1068416000,105439000,196282000,3090680000,-8063000,604898000,4014.0,Pinterest,Tech
PINS,2024,USD,FY,3646166000,2895811000,179817000,1862106000,1240564000,127003000,185789000,4751154000,-24606000,939988000,4666.0,Pinterest,Tech
PINS,2025,USD,FY,4221767000,3380246000,319883000,416855000,1427447000,110493000,262018000,4745238000,-32375000,1251889000,5265.0,Pinterest,Tech
PLTR,2021,USD,FY,1541889000,1202485000,-411046000,-520379000,387487000,-2033000,260073000,2291030000,-12627000,321224000,2920.0,Palantir,Tech
PLTR,2022,USD,FY,1905871000,1497322000,-161201000,-373705000,359679000,16251000,249404000,2565326000,-40027000,183710000,3838.0,Palantir,Tech
PLTR,2023,USD,FY,2225012000,1793907000,119966000,209825000,404624000,129102000,229392000,3475561000,-15114000,697069000,3735.0,Palantir,Tech
PLTR,2024,USD,FY,2865507000,2299517000,310403000,462190000,507878000,196792000,239219000,5003275000,-12634000,1141231000,3936.0,Palantir,Tech
PLTR,2025,USD,FY,4475446000,3686269000,1414015000,1625033000,557677000,229181000,229338000,7387268000,-33882000,2100591000,4429.0,Palantir,Tech
PYPL,2021,USD,FY,25371000000,13996000000,4262000000,4169000000,3038000000,-175000000,9048000000,21727000000,-908000000,4889000000,30900.0,PayPal,Financials
PYPL,2022,USD,FY,27518000000,13773000000,3837000000,2419000000,3253000000,-130000000,10417000000,20274000000,-706000000,5107000000,29900.0,PayPal,Financials
PYPL,2023,USD,FY,29771000000,13704000000,5028000000,4246000000,2973000000,133000000,9676000000,21051000000,-623000000,4220000000,27200.0,PayPal,Financials
PYPL,2024,USD,FY,31797000000,14658000000,5325000000,4147000000,2979000000,280000000,9879000000,20417000000,-683000000,6767000000,24400.0,PayPal,Financials
PYPL,2025,USD,FY,33172000000,15465000000,6065000000,5233000000,3103000000,76000000,9987000000,20256000000,-852000000,5564000000,23800.0,PayPal,Financials
RBLX,2021,USD,FY,1919181000,1422311000,-495098000,-491651000,533207000,-6906000,1233642000,584817000,-101129000,557980000,1600.0,Roblox,Tech
RBLX,2022,USD,FY,2225052000,1677394000,-923784000,-924366000,873477000,-1061000,1556809000,306026000,-427663000,-58367000,2128.0,Roblox,Tech
RBLX,2023,USD,FY,2799274000,2150159000,-1259067000,-1151946000,1253598000,101111000,1762799000,76290000,-334167000,124013000,2457.0,Roblox,Tech
RBLX,2024,USD,FY,3601979000,2800817000,-1063317000,-935384000,1444207000,138347000,1805279000,221446000,-181016000,641300000,2474.0,Roblox,Tech
RBLX,2025,USD,FY,4890551000,3818252000,-1232342000,-1065057000,1567747000,161580000,1802704000,394484000,-443478000,1352880000,3065.0,Roblox,Tech
RIVN,2021,USD,FY,55000000,-465000000,-4220000000,-4688000000,1850000000,-26000000,1607000000,19514000000,-1794000000,-4416000000,10422.0,Rivian,Transport
RIVN,2022,USD,FY,1658000000,-3123000000,-6856000000,-6752000000,1944000000,90000000,1812000000,13799000000,-1369000000,-6421000000,14122.0,Rivian,Transport
RIVN,2023,USD,FY,4434000000,-2030000000,-5739000000,-5432000000,1995000000,302000000,5116000000,9141000000,-1026000000,-5892000000,16790.0,Rivian,Transport
RIVN,2024,USD,FY,4970000000,-1200000000,-4689000000,-4747000000,1613000000,67000000,5737000000,6558000000,-1141000000,-2857000000,14861.0,Rivian,Transport
RIVN,2025,USD,FY,5387000000,144000000,-3585000000,-3646000000,1668000000,19000000,6651000000,4566000000,-1710000000,-2489000000,15232.0,Rivian,Transport
RKT,2021,USD,FY,13175612000,12683726000,6184901000,308210000,0,-61800000,21179733000,665664000,-302818000,7441110000,26000.0,Rocket Companies,Financials
RKT,2022,USD,FY,6004881000,5684897000,741911000,46421000,0,30607000,10348175000,576704000,-107764000,10715731000,18500.0,Rocket Companies,Financials
RKT,2023,USD,FY,4005857000,3645883000,-402897000,-15514000,0,-32526000,9562314000,624900000,-60336000,49993000,14700.0,Rocket Companies,Financials
RKT,2024,USD,FY,5401391000,4932161000,668052000,29370000,0,-56071000,13975783000,702501000,-805112000,-3434351000,14200.0,Rocket Companies,Financials
RKT,2025,USD,FY,6880000000,6300000000,600000000,-68000000,0,-313000000,0,22898000000,-91000000,-4018000000,23500.0,Rocket Companies,Financials
ROKU,2021,USD,FY,2764584000,1408600000,235100000,242385000,461602000,-2980000,521708000,2766606000,-40041000,188040000,3000.0,Roku,Tech
ROKU,2022,USD,FY,3126534000,1441122000,-530888000,-498005000,788913000,-5161000,719325000,2646556000,-161696000,-149901000,3600.0,Roku,Tech
ROKU,2023,USD,FY,3484619000,1522615000,-792377000,-709561000,878474000,-730000,654273000,2326333000,-82619000,173237000,3150.0,Roku,Tech
ROKU,2024,USD,FY,4112898000,1805645000,-218167000,-129386000,720145000,-411000,591927000,2492737000,-5061000,212984000,3340.0,Roku,Tech
ROKU,2025,USD,FY,4737251000,2074424000,-5624000,88361000,729477000,-1906000,871798000,2657945000,-5280000,478438000,3600.0,Roku,Tech
SBUX,2021,USD,FY,29060600000,8391000000,4872100000,4199300000,0,-379700000,23605100000,-5321200000,-1470000000,4519100000,383000.0,Starbucks,Consumer
SBUX,2022,USD,FY,32250300000,8371100000,4617800000,3281600000,0,-385900000,23804800000,-8706600000,-1841300000,2556000000,402000.0,Starbucks,Consumer
SBUX,2023,USD,FY,35975600000,9846200000,5870800000,4124500000,0,-468900000,24599800000,-7994800000,-2333600000,3675100000,381000.0,Starbucks,Consumer
SBUX,2024,USD,FY,36176200000,9709100000,5408800000,3760900000,0,-439200000,25803100000,-7448900000,-2777500000,3318100000,361000.0,Starbucks,Consumer
SBUX,2025,USD,FY,37184400000,8981500000,3580800000,1856400000,0,-429300000,26611500000,-8096600000,-2305500000,2442000000,381000.0,Starbucks,Consumer
SNAP,2021,USD,FY,4117048000,2366802000,-702069000,-487955000,1565467000,-12477000,2630992000,3790168000,-69875000,223005000,5661.0,Snap,Tech
SNAP,2022,USD,FY,4601847000,2786505000,-1395306000,-1429653000,2109800000,37138000,4175276000,2580698000,-129306000,55308000,5288.0,Snap,Tech
SNAP,2023,USD,FY,4606115000,2491998000,-1398379000,-1322485000,1910862000,146370000,4345000000,2414112000,-211727000,34794000,5289.0,Snap,Tech
SNAP,2024,USD,FY,5361398000,2887161000,-787294000,-697856000,1691683000,131914000,4243896000,2450761000,-194826000,218654000,4911.0,Snap,Tech
SNAP,2025,USD,FY,5931447000,3260565990,-532167000,-460489000,1770908000,45159000,4700954000,2281495000,-218981000,437189000,5261.0,Snap,Tech
SOFI,2021,USD,FY,1087648000,977299000,-481177000,-483937000,0,252244000,4194633000,4697703000,-52261000,-1402478000,2500.0,SoFi Technologies,Financials
SOFI,2022,USD,FY,1762810000,1519203000,-318721000,-320407000,0,584096000,5634371000,5528476000,-103733000,-7359591000,4200.0,SoFi Technologies,Financials
SOFI,2023,USD,FY,2897542000,2053270000,-301158000,-300742000,0,1261740000,5362633000,5554986000,-121192000,-7348331000,4400.0,SoFi Technologies,Financials
SOFI,2024,USD,FY,3703678000,2580630000,233345000,498665000,0,1716481000,3204210000,6525134000,-163617000,-1283424000,5000.0,SoFi Technologies,Financials
SOFI,2025,USD,FY,4769597000,3583035000,525857000,481320000,0,2218956000,1934625000,10489495000,-242444000,-3984902000,6100.0,SoFi Technologies,Financials
SQ,2021,USD,FY,17661203000,4419823000,161112000,166284000,1399079000,-33124000,5516240000,3272855000,-304320000,543510000,8521.0,Block,Financials
SQ,2022,USD,FY,17531587000,5991892000,-624532000,-540747000,2135612000,-36228000,6332764000,17222879000,-170815000,5088000,12428.0,Block,Financials
SQ,2023,USD,FY,21915623000,7504886000,-278839000,9772000,2720819000,47221000,6071517000,18695256000,-151151000,-50190000,12985.0,Block,Financials
SQ,2024,USD,FY,24121053000,8889036000,892327000,2897047000,2914415000,-9302000,7918613000,21267932000,-153947000,1553403000,11372.0,Block,Financials
SQ,2025,USD,FY,24193683000,10359929000,1708406000,-1426000,0,-1244000,2348162000,22204278000,-155038000,2424676000,10205.0,Block,Financials
TGT,2021,USD,FY,106005000000,31042000000,8946000000,6946000000,0,-421000000,16467000000,12827000000,-3544000000,5081000000,409000.0,Target,Consumer
TGT,2022,USD,FY,109120000000,26814000000,3848000000,2780000000,0,-478000000,19073000000,11232000000,-5528000000,-1510000000,450000.0,Target,Consumer
TGT,2023,USD,FY,107412000000,29584000000,5707000000,4138000000,0,-502000000,19646000000,13432000000,-4806000000,3815000000,440000.0,Target,Consumer
TGT,2024,USD,FY,106566000000,30064000000,5566000000,4091000000,0,-411000000,19875000000,14666000000,-2891000000,4476000000,415000.0,Target,Consumer
TGT,2025,USD,FY,104780000000,29269000000,5117000000,3705000000,0,-445000000,20290000000,16165000000,-3727000000,2835000000,440000.0,Target,Consumer
UAL,2021,USD,FY,24634000000,721000000,-1022000000,-1964000000,0,-1541000000,39366000000,5029000000,-2107000000,-40000000,84100.0,United Airlines,Transport
UAL,2022,USD,FY,44955000000,10640000000,2337000000,737000000,0,-1375000000,36433000000,6896000000,-4819000000,1247000000,92800.0,United Airlines,Transport
UAL,2023,USD,FY,53717000000,15199000000,4211000000,2618000000,0,-947000000,36739000000,9324000000,-7171000000,-260000000,103300.0,United Airlines,Transport
UAL,2024,USD,FY,57063000000,19420000000,5096000000,3149000000,0,-676000000,33633000000,12675000000,-5615000000,3830000000,107300.0,United Airlines,Transport
UAL,2025,USD,FY,59070000000,37878000000,4713000000,3353000000,0,-610000000,31036000000,15282000000,-5874000000,2557000000,113200.0,United Airlines,Transport
UBER,2021,USD,FY,17455000000,8104000000,-3834000000,-496000000,2054000000,-446000000,11604000000,14458000000,-298000000,-743000000,29300.0,Uber Technologies,Tech
UBER,2022,USD,FY,31877000000,12218000000,-1832000000,-9141000000,2798000000,-426000000,11717000000,7340000000,-252000000,390000000,32800.0,Uber Technologies,Tech
UBER,2023,USD,FY,37281000000,14824000000,1110000000,1887000000,3164000000,-149000000,11830000000,11249000000,-223000000,3362000000,30400.0,Uber Technologies,Tech
UBER,2024,USD,FY,43978000000,17327000000,2799000000,9856000000,3109000000,198000000,11436000000,21558000000,-242000000,6895000000,31100.0,Uber Technologies,Tech
UBER,2025,USD,FY,52017000000,20679000000,5565000000,10053000000,3402000000,303000000,12080000000,27041000000,-336000000,9763000000,34000.0,Uber Technologies,Tech
UNH,2021,USD,FY,287597000000,69652000000,23970000000,17285000000,0,-1660000000,46003000000,71760000000,-2454000000,19889000000,350000.0,UnitedHealth Group,Healthcare
UNH,2022,USD,FY,324162000000,79617000000,28435000000,20120000000,0,-2092000000,57623000000,77772000000,-2802000000,23404000000,400000.0,UnitedHealth Group,Healthcare
UNH,2023,USD,FY,371622000000,90958000000,32358000000,22381000000,0,-3246000000,67435000000,88756000000,-3386000000,25682000000,,UnitedHealth Group,Healthcare
UNH,2024,USD,FY,400278000000,89399000000,32287000000,14405000000,0,-3906000000,76904000000,92658000000,-3499000000,20705000000,400000.0,UnitedHealth Group,Healthcare
UNH,2025,USD,FY,447567000000,82917000000,18964000000,12056000000,0,-4002000000,78389000000,94110000000,-3622000000,16075000000,390000.0,UnitedHealth Group,Healthcare
V,2021,USD,FY,24105000000,19135000000,15804000000,12311000000,0,-513000000,20977000000,37589000000,-705000000,14522000000,21500.0,Visa,Financials
V,2022,USD,FY,29310000000,23577000000,18813000000,14957000000,0,-538000000,22450000000,35581000000,-970000000,17879000000,26500.0,Visa,Financials
V,2023,USD,FY,32653000000,26086000000,21000000000,17273000000,0,-644000000,20463000000,38733000000,-1059000000,19696000000,28800.0,Visa,Financials
V,2024,USD,FY,35926000000,28884000000,23595000000,19743000000,0,-641000000,20836000000,39137000000,-1257000000,18693000000,31600.0,Visa,Financials
V,2025,USD,FY,40000000000,32145000000,23994000000,20058000000,0,-589000000,25171000000,37909000000,-1482000000,21577000000,34100.0,Visa,Financials
WBA,2020,USD,FY,121982000000,26077000000,982000000,456000000,0,-613000000,40140000000,21136000000,-1374000000,4110000000,331000.0,Walgreens Boots Alliance,Healthcare
WBA,2021,USD,FY,132509000000,28067000000,2342000000,2542000000,0,-905000000,33392000000,23822000000,-1379000000,4176000000,315000.0,Walgreens Boots Alliance,Healthcare
WBA,2022,USD,FY,132703000000,28266000000,1387000000,4337000000,0,-400000000,35477000000,29366000000,-1734000000,2165000000,325000.0,Walgreens Boots Alliance,Healthcare
WBA,2023,USD,FY,139081000000,27072000000,-6882000000,-3080000000,0,-580000000,33534000000,20021000000,-2117000000,141000000,331000.0,Walgreens Boots Alliance,Healthcare
WBA,2024,USD,FY,147658000000,26524000000,-14076000000,-8636000000,0,-482000000,33769000000,10445000000,-1381000000,-363000000,312000.0,Walgreens Boots Alliance,Healthcare
WFC,2021,USD,FY,83081000000,83321000000,29563000000,22109000000,0,35779000000,195098000000,187606000000,0,-11525000000,247848.0,Wells Fargo,Financials
WFC,2022,USD,FY,83442000000,72834000000,15629000000,13677000000,0,44950000000,226015000000,180227000000,0,27048000000,238000.0,Wells Fargo,Financials
WFC,2023,USD,FY,115340000000,77198000000,21636000000,19142000000,0,52375000000,297147000000,185735000000,0,40358000000,226000.0,Wells Fargo,Financials
WFC,2024,USD,FY,125397000000,77962000000,23364000000,19722000000,0,47676000000,281884000000,179120000000,0,3035000000,217000.0,Wells Fargo,Financials
WFC,2025,USD,FY,123529000000,80041000000,25199000000,21338000000,0,47484000000,425722000000,181117000000,0,-19001000000,205000.0,Wells Fargo,Financials
WMT,2022,USD,FY,572754000000,143754000000,25942000000,13673000000,0,-1836000000,57323000000,83253000000,-13106000000,11075000000,2300000.0,Walmart,Consumer
WMT,2023,USD,FY,611289000000,147568000000,20428000000,11680000000,0,-1874000000,58923000000,76693000000,-16857000000,11984000000,2100000.0,Walmart,Consumer
WMT,2024,USD,FY,648125000000,157983000000,27012000000,15511000000,0,-2137000000,61321000000,83861000000,-20606000000,15120000000,2100000.0,Walmart,Consumer
WMT,2025,USD,FY,680985000000,169232000000,29348000000,19436000000,0,-2245000000,60114000000,91013000000,-23783000000,12660000000,2100000.0,Walmart,Consumer
WMT,2026,USD,FY,713163000000,177768000000,29825000000,21893000000,0,-2431000000,67095000000,99617000000,-26642000000,14923000000,2100000.0,Walmart,Consumer
ZM,2022,USD,FY,4099864000,3045310000,1063591000,1375639000,362990000,0,105715000,5780018000,-145608000,1459658000,6787.0,Zoom,Tech
ZM,2023,USD,FY,4392960000,3292509000,245429000,103711000,774059000,0,96477000,6206607000,-115094000,1175168000,8484.0,Zoom,Tech
ZM,2024,USD,FY,4527224000,3449423000,525279000,637462000,803187000,0,72953000,8019406000,-126953000,1471883000,7420.0,Zoom,Tech
ZM,2025,USD,FY,4665433000,3535806000,813295000,1010238000,852415000,0,64432000,8935084000,-136560000,1808748000,7412.0,Zoom,Tech
ZM,2026,USD,FY,4868769000,3749733000,1123633000,1900148000,844875000,0,58475000,9808258000,-64961000,1924087000,7438.0,Zoom,Tech
